{
  "R1_confounding": {
    "Cora": {
      "simple_correlations": {
        "degree": {
          "r": -0.07113200985226559,
          "p": 0.020915162395181378
        },
        "clustering": {
          "r": -0.04904003685139799,
          "p": 0.11157110551398969
        },
        "neighbor_deg_var": {
          "r": -0.025068783091554893,
          "p": 0.4162012870022068
        },
        "neighbor_diversity": {
          "r": -0.06761631697461365,
          "p": 0.028156698113074117
        }
      },
      "partial_correlation_deg_controlling_clust_div": {
        "r": -0.04348758441406804,
        "p": 0.15829400737990068
      },
      "bin_gains": {
        "0-5": {
          "gain": 0.04338394793926247,
          "count": 461
        },
        "5-10": {
          "gain": 0.0,
          "count": 415
        },
        "10-20": {
          "gain": 0.0,
          "count": 159
        }
      }
    },
    "CiteSeer": {
      "simple_correlations": {
        "degree": {
          "r": -0.0017234269216969095,
          "p": 0.9585941659043434
        },
        "clustering": {
          "r": -0.005108528734502437,
          "p": 0.8776932211284554
        },
        "neighbor_deg_var": {
          "r": 0.0052042733828849405,
          "p": 0.8754194496737464
        },
        "neighbor_diversity": {
          "r": 0.009167400087169958,
          "p": 0.782416442572863
        }
      },
      "partial_correlation_deg_controlling_clust_div": {
        "r": -0.009899271048824654,
        "p": 0.7655350271133934
      },
      "bin_gains": {
        "0-5": {
          "gain": 0.027070063694267517,
          "count": 628
        },
        "5-10": {
          "gain": 0.03870967741935484,
          "count": 155
        },
        "10-20": {
          "gain": 0.0,
          "count": 96
        },
        "20-100": {
          "gain": 0.0,
          "count": 31
        }
      }
    },
    "CS": {
      "simple_correlations": {
        "degree": {
          "r": -0.07468738880623058,
          "p": 1.060051710274349e-21
        },
        "clustering": {
          "r": -0.013603857879549599,
          "p": 0.08169714479451448
        },
        "neighbor_deg_var": {
          "r": -0.06882423218101294,
          "p": 1.1686337554219947e-18
        },
        "neighbor_diversity": {
          "r": 0.016989252637073057,
          "p": 0.029688836910432583
        }
      },
      "partial_correlation_deg_controlling_clust_div": {
        "r": -0.07044924823752621,
        "p": 1.7744399391257753e-19
      },
      "bin_gains": {
        "0-5": {
          "gain": 0.08708272859216255,
          "count": 2756
        },
        "5-10": {
          "gain": 0.0609720176730486,
          "count": 3395
        },
        "10-20": {
          "gain": 0.04355370466770779,
          "count": 5763
        },
        "20-100": {
          "gain": 0.010842557036367743,
          "count": 4427
        },
        "100-10000": {
          "gain": 0.0,
          "count": 37
        }
      }
    }
  },
  "R3_inductive": {
    "Cora": {
      "vanilla": {
        "auc_mean": 0.6963570020509212,
        "auc_std": 0.019470058943703128,
        "ap_mean": 0.7038066503862243,
        "ap_std": 0.01401007249431697
      },
      "cl": {
        "auc_mean": 0.765739194671646,
        "auc_std": 0.012280430920261366,
        "ap_mean": 0.7720511397307986,
        "ap_std": 0.006824856093313489
      },
      "gain_auc": 0.06938219262072476,
      "gain_ap": 0.06824448934457439
    },
    "CiteSeer": {
      "vanilla": {
        "auc_mean": 0.7208411135305176,
        "auc_std": 0.008206845143884804,
        "ap_mean": 0.7207720144904686,
        "ap_std": 0.012896455151089737
      },
      "cl": {
        "auc_mean": 0.8335751315470358,
        "auc_std": 0.00946479668441232,
        "ap_mean": 0.8255361113135904,
        "ap_std": 0.00983572975405048
      },
      "gain_auc": 0.11273401801651817,
      "gain_ap": 0.10476409682312182
    },
    "PubMed": {
      "vanilla": {
        "auc_mean": 0.8528517666666667,
        "auc_std": 0.004296148031662305,
        "ap_mean": 0.8368732357539163,
        "ap_std": 0.003705291662971438
      },
      "cl": {
        "auc_mean": 0.8910489466666666,
        "auc_std": 0.0016017549567340342,
        "ap_mean": 0.876795724982951,
        "ap_std": 0.002701716948753658
      },
      "gain_auc": 0.03819717999999983,
      "gain_ap": 0.03992248922903474
    },
    "CS": {
      "vanilla": {
        "auc_mean": 0.8445137800000001,
        "auc_std": 0.014319901125329012,
        "ap_mean": 0.8399959959290202,
        "ap_std": 0.011621570672089581
      },
      "cl": {
        "auc_mean": 0.90984286,
        "auc_std": 0.0030858281939213925,
        "ap_mean": 0.9051246703529724,
        "ap_std": 0.002742410438662206
      },
      "gain_auc": 0.06532907999999993,
      "gain_ap": 0.0651286744239522
    }
  },
  "R4_sparsification": {
    "CS": {
      "keep_1.0": {
        "uniform": {
          "cold_mean": 0.90884403786694,
          "cold_std": 0.0022093561168882356,
          "overall_mean": 0.9551980365879146
        },
        "degree_preserving": {
          "cold_mean": 0.9097762527739951,
          "cold_std": 0.0003941935030184805,
          "overall_mean": 0.9553674577123079
        }
      },
      "keep_0.5": {
        "uniform": {
          "cold_mean": 0.9168872618644843,
          "cold_std": 0.0036302178649377783,
          "overall_mean": 0.9588511435451196
        },
        "degree_preserving": {
          "cold_mean": 0.9185239143602918,
          "cold_std": 0.0030131085060922077,
          "overall_mean": 0.9606573196648602
        }
      },
      "keep_0.25": {
        "uniform": {
          "cold_mean": 0.921326612636871,
          "cold_std": 0.007334890134816683,
          "overall_mean": 0.9632969568523356
        },
        "degree_preserving": {
          "cold_mean": 0.9177489905858937,
          "cold_std": 0.013820117473106545,
          "overall_mean": 0.9616546471067683
        }
      }
    },
    "Cora": {
      "keep_1.0": {
        "uniform": {
          "cold_mean": 0.8958629341898384,
          "cold_std": 0.007863374942301141,
          "overall_mean": 0.9230460868928584
        },
        "degree_preserving": {
          "cold_mean": 0.8957121714615002,
          "cold_std": 0.008051674479267338,
          "overall_mean": 0.9229500700322978
        }
      },
      "keep_0.5": {
        "uniform": {
          "cold_mean": 0.8945070357021959,
          "cold_std": 0.010248422891179724,
          "overall_mean": 0.9222239425243072
        },
        "degree_preserving": {
          "cold_mean": 0.897910455661877,
          "cold_std": 0.01608751873391015,
          "overall_mean": 0.918347861884547
        }
      },
      "keep_0.25": {
        "uniform": {
          "cold_mean": 0.8910360241070662,
          "cold_std": 0.007978629740327987,
          "overall_mean": 0.9250828445475027
        },
        "degree_preserving": {
          "cold_mean": 0.9056191388124061,
          "cold_std": 0.01017907156894714,
          "overall_mean": 0.9259686000861751
        }
      }
    }
  }
}