{
  "CS": {
    "keep_1.0": {
      "vanilla": {
        "overall_mean": 0.9001272860450263,
        "overall_std": 0.02249588648475157,
        "cold_mean": 0.7543344379126151,
        "cold_std": 0.05006797785627118,
        "warm_mean": 0.8710572100917758,
        "warm_std": 0.031142046901362595
      },
      "augonly": {
        "overall_mean": 0.9593025297555294,
        "overall_std": 0.0024014486348438793,
        "cold_mean": 0.9021673037146041,
        "cold_std": 0.00047610779376608544,
        "warm_mean": 0.9512281961159745,
        "warm_std": 0.0031192404022075864
      },
      "globalcl": {
        "overall_mean": 0.9556981654208393,
        "overall_std": 0.001967153559941505,
        "cold_mean": 0.9095119060674778,
        "cold_std": 0.0005711622785910664,
        "warm_mean": 0.9460444050312274,
        "warm_std": 0.0041148607117561
      }
    },
    "keep_0.75": {
      "vanilla": {
        "overall_mean": 0.9030014654151831,
        "overall_std": 0.018651316306682725,
        "cold_mean": 0.7632477997971132,
        "cold_std": 0.04574069269618876,
        "warm_mean": 0.8726950359678242,
        "warm_std": 0.027069830977146093
      },
      "augonly": {
        "overall_mean": 0.9568252826461953,
        "overall_std": 0.001444213066276612,
        "cold_mean": 0.8914854068089274,
        "cold_std": 0.006757552035581882,
        "warm_mean": 0.9478185901401676,
        "warm_std": 0.0015695377074051236
      },
      "globalcl": {
        "overall_mean": 0.9580524201703732,
        "overall_std": 0.0022685294499599903,
        "cold_mean": 0.9189730634597426,
        "cold_std": 0.0018850013231017041,
        "warm_mean": 0.949567208444653,
        "warm_std": 0.0030265510583889882
      }
    },
    "keep_0.5": {
      "vanilla": {
        "overall_mean": 0.9534570113506239,
        "overall_std": 0.0020511749798069008,
        "cold_mean": 0.8895984435484733,
        "cold_std": 0.002724429040267592,
        "warm_mean": 0.9431423663525168,
        "warm_std": 0.0028201297085397006
      },
      "augonly": {
        "overall_mean": 0.9596371593413976,
        "overall_std": 0.0023525998938725467,
        "cold_mean": 0.9043552506891143,
        "cold_std": 0.002687986454852666,
        "warm_mean": 0.9509223584991494,
        "warm_std": 0.0026973598423369227
      },
      "globalcl": {
        "overall_mean": 0.9592938558950065,
        "overall_std": 0.0027962183582324615,
        "cold_mean": 0.9196568885921726,
        "cold_std": 0.003085916265493287,
        "warm_mean": 0.9510131666909715,
        "warm_std": 0.0023867162626861394
      }
    },
    "keep_0.25": {
      "vanilla": {
        "overall_mean": 0.94876472122513,
        "overall_std": 0.0020189724893973334,
        "cold_mean": 0.8815417052742381,
        "cold_std": 0.013010735984121589,
        "warm_mean": 0.9380603542692677,
        "warm_std": 0.00044335861555722973
      },
      "augonly": {
        "overall_mean": 0.9601971900042153,
        "overall_std": 0.00258396097770138,
        "cold_mean": 0.9089254835967676,
        "cold_std": 0.005345395655456586,
        "warm_mean": 0.9519308941753649,
        "warm_std": 0.003155558100594145
      },
      "globalcl": {
        "overall_mean": 0.9633188453020853,
        "overall_std": 0.0033704171634622387,
        "cold_mean": 0.9181118522455224,
        "cold_std": 0.008612166583688899,
        "warm_mean": 0.9566872191798916,
        "warm_std": 0.0036433817850242524
      }
    }
  },
  "PubMed": {
    "keep_1.0": {
      "vanilla": {
        "overall_mean": 0.9257618618910929,
        "overall_std": 0.002723039600017306,
        "cold_mean": 0.8976592789069877,
        "cold_std": 0.003659589522381695,
        "warm_mean": 0.8642297000222969,
        "warm_std": 0.0012759163896509911
      },
      "augonly": {
        "overall_mean": 0.9458038718927436,
        "overall_std": 0.004892001919931202,
        "cold_mean": 0.9391545858878835,
        "cold_std": 0.006812532882044095,
        "warm_mean": 0.8737585827335884,
        "warm_std": 0.008229574882252294
      },
      "globalcl": {
        "overall_mean": 0.9468227106521003,
        "overall_std": 0.014857893308865283,
        "cold_mean": 0.9437933308696848,
        "cold_std": 0.006112773231754233,
        "warm_mean": 0.8605344292680677,
        "warm_std": 0.06593121075591352
      }
    },
    "keep_0.75": {
      "vanilla": {
        "overall_mean": 0.9243837873527828,
        "overall_std": 0.0026113218071452705,
        "cold_mean": 0.8935228898470696,
        "cold_std": 0.003146558026753909,
        "warm_mean": 0.869389237803119,
        "warm_std": 0.00359291437937758
      },
      "augonly": {
        "overall_mean": 0.9464347108953807,
        "overall_std": 0.002875129757107734,
        "cold_mean": 0.9496494128249515,
        "cold_std": 0.004017125395367499,
        "warm_mean": 0.8550932723414228,
        "warm_std": 0.0032870551385823245
      },
      "globalcl": {
        "overall_mean": 0.9405068284155925,
        "overall_std": 0.01163399678235472,
        "cold_mean": 0.9376282263303534,
        "cold_std": 0.008154114717169335,
        "warm_mean": 0.8488753689520164,
        "warm_std": 0.05830606236676078
      }
    },
    "keep_0.5": {
      "vanilla": {
        "overall_mean": 0.9229920690161695,
        "overall_std": 0.003069785918354735,
        "cold_mean": 0.8922656021692358,
        "cold_std": 0.003570683889409206,
        "warm_mean": 0.8668744956527935,
        "warm_std": 0.0033120887850624707
      },
      "augonly": {
        "overall_mean": 0.9433002264191722,
        "overall_std": 0.004786000762717167,
        "cold_mean": 0.961663320234206,
        "cold_std": 0.005435971815742963,
        "warm_mean": 0.8129585347918816,
        "warm_std": 0.007574941703713835
      },
      "globalcl": {
        "overall_mean": 0.9271775671790761,
        "overall_std": 0.005284374535551009,
        "cold_mean": 0.9217450524546157,
        "cold_std": 0.006854817360794267,
        "warm_mean": 0.8535106550927826,
        "warm_std": 0.00796795175266364
      }
    },
    "keep_0.25": {
      "vanilla": {
        "overall_mean": 0.9219277763839836,
        "overall_std": 0.002478729128273103,
        "cold_mean": 0.8920920150972521,
        "cold_std": 0.002253316535471869,
        "warm_mean": 0.8639862392477369,
        "warm_std": 0.005456225642001665
      },
      "augonly": {
        "overall_mean": 0.9193595434771513,
        "overall_std": 0.0036765093901597315,
        "cold_mean": 0.9353454515386018,
        "cold_std": 0.00565175768011708,
        "warm_mean": 0.7834701106780381,
        "warm_std": 0.004418058047811873
      },
      "globalcl": {
        "overall_mean": 0.9410727405870011,
        "overall_std": 0.015784241716549657,
        "cold_mean": 0.9343355233228055,
        "cold_std": 0.00870344708678334,
        "warm_mean": 0.8658840794740547,
        "warm_std": 0.05513858851579444
      }
    }
  },
  "Cora": {
    "keep_1.0": {
      "vanilla": {
        "overall_mean": 0.8968982953406618,
        "overall_std": 0.015055518270507528,
        "cold_mean": 0.8559257736786093,
        "cold_std": 0.030214092370188624,
        "warm_mean": 0.8952344324613758,
        "warm_std": 0.010744227594181989
      },
      "augonly": {
        "overall_mean": 0.9098833755207414,
        "overall_std": 0.00370473158669732,
        "cold_mean": 0.8709510200931333,
        "cold_std": 0.01316220477672581,
        "warm_mean": 0.9103717741185179,
        "warm_std": 0.009122713995030887
      },
      "globalcl": {
        "overall_mean": 0.9248283998670166,
        "overall_std": 0.002317527101385621,
        "cold_mean": 0.8945096690719806,
        "cold_std": 0.008807918813359294,
        "warm_mean": 0.9277354987578462,
        "warm_std": 0.009506119325444701
      }
    },
    "keep_0.75": {
      "vanilla": {
        "overall_mean": 0.899088679972203,