{
  "Cora": {
    "dataset": "Cora",
    "seed": 42,
    "overall": {
      "det": {
        "auc": 0.8934680929971304,
        "ece": 0.16979889372324808,
        "brier": 0.17325080937834578
      },
      "mc": {
        "auc": 0.8933024639126631,
        "ece": 0.16613157251867441,
        "brier": 0.17296837126968728
      }
    },
    "by_degree": {
      "cold (2-5)": {
        "count": 478,
        "det_auc": 0.8330515638207946,
        "det_ece": 0.2818558135354369,
        "mc_auc": 0.8304099746407438,
        "mc_ece": 0.27829234962932237,
        "mean_uncertainty": 0.05931461602449417
      },
      "warm (6-20)": {
        "count": 564,
        "det_auc": 0.8996717971933001,
        "det_ece": 0.08475194266396212,
        "mc_auc": 0.9001952240832957,
        "mc_ece": 0.09388333112529829,
        "mean_uncertainty": 0.0480048805475235
      },
      "hot (>20)": {
        "count": 12,
        "det_auc": 0.8181818181818182,
        "det_ece": 0.170084019502004,
        "mc_auc": 0.8181818181818182,
        "mc_ece": 0.17063010235627493,
        "mean_uncertainty": 0.013941574841737747
      }
    },
    "selective": {
      "cov_0.5": 0.9175650611487858,
      "cov_0.7": 0.9090875595053869,
      "cov_0.9": 0.8999163001086318,
      "cov_1.0": 0.8933024639126631
    },
    "signal": "POSITIVE"
  },
  "CiteSeer": {
    "dataset": "CiteSeer",
    "seed": 42,
    "overall": {
      "det": {
        "auc": 0.8838497765970292,
        "ece": 0.1745539599640684,
        "brier": 0.17488883560552318
      },
      "mc": {
        "auc": 0.8844632290786137,
        "ece": 0.16922903270511838,
        "brier": 0.1728780919767371
      }
    },
    "by_degree": {
      "cold (2-5)": {
        "count": 602,
        "det_auc": 0.811916917098133,
        "det_ece": 0.22631342404605542,
        "mc_auc": 0.8124720904691216,
        "mc_ece": 0.22079539670302623,
        "mean_uncertainty": 0.08574499934911728
      },
      "warm (6-20)": {
        "count": 271,
        "det_auc": 0.8954596412556054,
        "det_ece": 0.04823955332661027,
        "mc_auc": 0.8948056801195815,
        "mc_ece": 0.045693659062095236,
        "mean_uncertainty": 0.03793151676654816
      },
      "hot (>20)": {
        "count": 20,
        "det_auc": 0.9473684210526315,
        "det_ece": 0.045693975687026975,
        "mc_auc": 0.9473684210526315,
        "mc_ece": 0.044845855236053465,
        "mean_uncertainty": 0.0025569964200258255
      }
    },
    "selective": {
      "cov_0.5": 0.9198359433258761,
      "cov_0.7": 0.9181094287265488,
      "cov_0.9": 0.8954084069739671,
      "cov_1.0": 0.8844632290786137
    },
    "signal": "POSITIVE"
  }
}