{
  "Cora": {
    "dataset": "Cora",
    "seed": 42,
    "no_cl": {
      "overall": {
        "auc": 0.8826301898613398,
        "count": 1054
      },
      "isolated (0-1)": {
        "auc": NaN,
        "count": 0
      },
      "cold (2-5)": {
        "auc": 0.8082840236686389,
        "count": 478
      },
      "warm (6-20)": {
        "auc": 0.8991200769578995,
        "count": 564
      },
      "hot (>20)": {
        "auc": 0.6363636363636364,
        "count": 12
      }
    },
    "global_cl": {
      "overall": {
        "auc": 0.9120293523542734,
        "count": 1054
      },
      "isolated (0-1)": {
        "auc": NaN,
        "count": 0
      },
      "cold (2-5)": {
        "auc": 0.8706466610312764,
        "count": 478
      },
      "warm (6-20)": {
        "auc": 0.9195903123585333,
        "count": 564
      },
      "hot (>20)": {
        "auc": 0.5454545454545454,
        "count": 12
      }
    },
    "cold_only_cl": {
      "overall": {
        "auc": 0.910077809663377,
        "count": 1054
      },
      "isolated (0-1)": {
        "auc": NaN,
        "count": 0
      },
      "cold (2-5)": {
        "auc": 0.8690617075232461,
        "count": 478
      },
      "warm (6-20)": {
        "auc": 0.9147097102761431,
        "count": 564
      },
      "hot (>20)": {
        "auc": 0.5454545454545454,
        "count": 12
      }
    },
    "signal": "POSITIVE"
  },
  "CiteSeer": {
    "dataset": "CiteSeer",
    "seed": 42,
    "no_cl": {
      "overall": {
        "auc": 0.8480497524453569,
        "count": 910
      },
      "isolated (0-1)": {
        "auc": NaN,
        "count": 17
      },
      "cold (2-5)": {
        "auc": 0.7636168338221272,
        "count": 602
      },
      "warm (6-20)": {
        "auc": 0.867713004484305,
        "count": 271
      },
      "hot (>20)": {
        "auc": 0.9473684210526315,
        "count": 20
      }
    },
    "global_cl": {
      "overall": {
        "auc": 0.9262383770076078,
        "count": 910
      },
      "isolated (0-1)": {
        "auc": NaN,
        "count": 17
      },
      "cold (2-5)": {
        "auc": 0.897099822585901,
        "count": 602
      },
      "warm (6-20)": {
        "auc": 0.9166666666666667,
        "count": 271
      },
      "hot (>20)": {
        "auc": 0.9473684210526315,
        "count": 20
      }
    },
    "cold_only_cl": {
      "overall": {
        "auc": 0.9243086583745924,
        "count": 910
      },
      "isolated (0-1)": {
        "auc": NaN,
        "count": 17
      },
      "cold (2-5)": {
        "auc": 0.8901239484895664,
        "count": 602
      },
      "warm (6-20)": {
        "auc": 0.9329222720478325,
        "count": 271
      },
      "hot (>20)": {
        "auc": 0.9473684210526315,
        "count": 20
      }
    },
    "signal": "POSITIVE"
  }
}